replicate_id,total_reads
HEL-311Cas9_RepA_p4_batch3,19938818
HEL9217-311Cas9_RepA_p6_batch3,41251611
LS513-311Cas9_RepA_p6_batch2,35176093
LS513_c903R1,67379131
OVR3_c905R1,32062618
253J-311Cas9_RepA_p5_batch3,55438365
C2BBE1-311Cas9 Rep A p5_batch3,42248180
C2BBe1_c903R1,56072332
HCC827-311Cas9 Rep A p6_batch3,70831579
Hs 294T_A101D-311Cas9_RepA_p6_batch3,46480579
NCI-H1581-311Cas9_RepA_p6_batch2,48378053
ONCO-DG-1-311Cas9_RepA_p6_batch3,42234721
MCF7-311cas9_RepA_p4_batch3,41493636
MCF7_c903R1,69491289
SKBR3-311Cas9_RepA_p6_batch3,22738069
T24-311Cas9_RepA_p6_batch3,80856925
NCI-H1693-311Cas9 Rep A p4_batch3,56792876
P8988T_c904R1,40807307
PA-TU-8988S_PA-TU-8988T-311cas9_RepAB_p6_batch3,39823401
CH157MN-311cas9_RepA_p6_batch3,43870914
OPM2-311Cas9_RepA_p6_batch3,40871133
OPM2_c907R4,33879032
HCC827GR5-311Cas9_RepA_p5_batch3,32863458
KPL-1-311Cas9_RepA_p6_batch2,46284479
PC-14-311Cas9 Rep A p6_batch3,94020868
PC14_c906R1,30622130
H1650_c906R1,37127199
NCI-H1650-311cas9_RepA_p6_batch3,40714150
S-117-311Cs9_RepA_p6_batch3,30663550
U343-311Cas9_RepA_p6_batch3,35940479
P0203_c904R2,42583238
Panc.02.03-311cas9 Rep A p6_batch3,45335424
RD-ES-311Cas9_RepA_p6_batch3,40792383
SK-N-MC-311cas9 Rep A p5_batch3,43294255
U118MG-311Cas9_RepA_p5_batch3,44240971
GCIY -311Cas9_RepA_p4_batch3,55334295
MV4;11-311Cas9_RepA_p6_batch2,17011970
TOV112D-311Cas9_RepA_p6_batch3,68414997
TOV112_c905R1,38834056
A673 AVANA-4_RepA_p6_batch3,42123785
Karpas-299-311Cas9 Rep A p5_batch3,38444082
D283MED-311cas9_RepA_p6_batch2,57495175
HT1080 -311Cas9_RepA_p6_batch3,49524902
P1005_c904R1,43855365
PANC1005-311Cas9_RepA_p6_batch3,42067110
697-311CAS9_RepA_p6_batch3,69923178
HS683-311Cas9_RepA_p6_batch3,42322582
Hs683_c907R1,41525472
KU812-311cas9-RepA-p6_batch3,20114610
NCO2-311cas9_RepA_p5_batch3,54373481
U87-MG-311Cas9_RepA_p6_batch3,29604913
U87MG_c907R1,33868760
ACCMES01-311cas9_RepA_p6_batch3,23402397
"G-292, Clone A141B1-311Cas9_RepA_p5_batch3",28072934
MHH-NB-11-311Cas9 Rep A p4_batch3,101098499
T3M-4-311Cas9_RepA_p6_batch3,69733357
HPAFII_c904R1,44842915
NCI-H2452-311Cas9_RepA_p5_batch3,37681229
PANC0504-311cas9-RepA-p6_batch4,37664114
SK-ES-1-311Cas9_RepA_p5_batch3,40908981
D341MED-311cas9 Rep A p5_batch3,50836412
G-401-311Cas9_RepA_p6_batch2,42834052
ZR-75-1-311Cas9_RepA_p5_batch2,49107597
GAMG-311Cas9_RepA_p6_batch3,32436252
GAMG_c907R1,28675442
KE37-311Cas9-RepA-p6_batch4,39699463
Sima-311cas9 Rep A p6_batch3,35112321
Caov4_c905R1,30537972
KP-3-311Cas9 Rep A p5_batch3,45678309
KP3_c904R1,47794077
AML2_c905R1,35861646
HCC1187-311Cas9_RepA_p6_batch3,15413193
HCC118_c903R1,36714906
OCI-AML2-311cas9_RepA_p6_batch3,41608679
OAW28-311Cas9_RepA_p4_batch3,45309616
SU8686-311Cas9-RepA-p6_batch3,42867412
SU8686_c904R1,34421080
Vcap-304Cas9_RepA_p4_batch3,29321888
CHP-212-311CAS9 Rep A p5_batch3,45462767
CHP212_c906R2,29076095
HUP-T3-311cas9 Rep A p6_batch3,55004217
HuPT3_c904R1,39269703
COV434-311cas9 Rep A p6_batch3,69609763
LY19_c907R1,34989968
SLR20-311Cas9_RepA_p6_batch3,38007974
JHOS-2-311Cas9_RepA_p6_batch3,15035254
JHOS2_c905R1,28904954
LN319-311CAS9_RepA_p6_batch3,35134293
8-MG-BA-311Cas9_RepA_p5_batch3,19185332
8MGBA_c907R1,30517814
CFPAC-1-311Cas9 Rep A p6_batch3,48923673
Hs729-311Cas9_RepA_p6_batch3,22103961
CAL-29-311Cas9_RepA_p6_batch2,62929355
P0327_c904R1,37124069
SNU308-311Cas9_RepA_p5_batch3,39750173
GC1B_C908R2,56172491
HCC2429-311Cas9_RepA_p6_batch3,48408431
T47D-311Cas9-RepA-p6_batch4,38492881
T47d_c903R2,26781598
THP-1 AVANA-4 Rep A p5_batch3,91106238
HS578T-311cas9_RepA_p5_batch2,61131810
Hs578T_c904R1,45827798
SKNSH_c906R1,31718202
HCC2935-311CAS9_RepA_p6_batch3,19377756
JM1-311cas9_RepA_p6_batch3,35984820
M059K-311Cas9_RepA_p5_batch3,49696253
BT-12-311Cas9_RepA_p6_batch3,25501963
NCI-H2052-311Cas9_RepA_p6_batch3,26613638
OSRC2-311Cas9_RepA_p5_batch3,33800039
SW1990_c904R1,36505451
CORL105-311Cas9-RepA-p6_batch4,37756658
KE97-311Cas9_RepA_p6_batch3,42511833
Panc1-311Cas9_RepA_p6_batch3,44043623
SW579-311Cas9_RepA_p6_batch3,28597589
CAL62-311cas9-RepA-p6_batch3,53990439
NOMO-1-311Cas9_RepA_p4_batch2,58916027
RD-311Cas9_RepA_p5_batch3,62346558
TM87-311Cas9_RepA_p6_batch4,37151739
Hs766T-311Cas9_RepA_p6_batch2,32286655
LOUNH9_c906R1,33678092
SCC9_c908R1,36472505
COR-L311-311Cas9_RepA_p6_batch3,47743889
L363-311Cas9_RepA_p6_batch3,20608752
L363_c907R4,27758767
SNU869-311Cas9_RepA_p4_batch3,34199190
BHT101-311cas9-RepA-p6_batch4,27999643
HDMYZ-311Cas9-RepA-P6_batch4,47053592
RCC10RGB-311Cas9_RepA_p6_batch3,35834725
SCC25-311Cas9_RepA_p6_batch3,82791410
EOL1-311Cas9_RepA_p6_batch3,21476218
MFE280_C908R1,45015471
NMC-G1-311Cas9_RepA_p5_batch3,45921870
NMCG1_c907R1,39146423
set2-311cas9-RepA-p6_batch4,38654213
COLO320-311Cas9 Rep A p6_batch3,54508497
LP-1-311Cas9_RepA_p6_batch2,41790444
LP1_c907R1,45383225
C8166-311cas9_RepA_p6_batch3,24497047
DETROIT562-311Cas9_RepA_p3_batch3,39088923
Detroi_c907R1,22571300
CAL120-311Cas9-RepA-p6_batch3,31458348
Daoy-311Cas9_RepA_p6_batch3,45307700
SNU-1079-311Cas9_RepA_p6_batch3,49704720
A375-311cas9-RepA-p6_batch3,45481131
A375_C902R1_P1D14,53366067
HuPT4_c904R1,38570131
JHH-6-311Cas9_RepA_p6_batch3,49178173
LN382-311CAS9_RepA_p6_batch3,32317842
ASPC-1-311Cas9 Rep A p6_batch3,43913241
AsPC1_c904R1,39175485
SNU-398-31Cas9_RepA_p5_batch3,44487871
HCC1937-311Cas9_RepA_p5_batch3,15789230
HCC193_c903R1,81703949
SUP-M2-311Cas9 Rep A p4_batch3,43884804
BICR31-311Cas9_RepA_p6_batch3,30143490
KALS1 -311Cas9_RepA_p6_batch3,41170888
KP-N-YN-311Cas9 Rep A p3_batch2,58288623
KPNYN_c906R1,34280772
DEL-311cas9_RepA_p6_batch3,29361332
U251MG-311Cas9_RepA_p6_batch2,39648541
U251_c907R1,41400677
CAKI-2-311Cas9_RepA_p6_batch3,35434244
JHOM-1-311cas9 Rep A p6_batch2,50171911
P0403_c904R1,33995975
Panc.04.03-311Cas9 Rep A p5_batch3,39772631
DAN-G-311Cas9 Rep A p6_batch3,65104186
DANG_c904R1,43032308
SCC4-311cas9_RepA_p6_batch3,36150830
SCC4_c907R1,35691276
DKMG-311Cas9_RepA_p5_batch3,20367888
DKMG_c907R1,38257132
SLR23-311Cas9_RepA_p6_batch3,41883476
AU565-311Cas9_RepA_p6_batch2,37463561
AU565_c903R1,27388726
CL-11-311Cas9_RepB_p6_batch3,42917976
CL11_c903R1,60871900
OCUM-1-311Cas9_RepA_p4_batch3,42280818
KMRC20-311Cas9_RepA_p6_batch3,48632223
NCI-H2887-311cas9_RepB_p5_batch2,22092835
COLO201-311Cas9_RepA_p6_batch3,25199342
Cov318-311cas9_RepA_p4_batch2,30273225
LMSU-311Cas9_RepA_p6_batch3,42780138
LS1034_c903R1,56791833
CORL279-311cas9_RepA_p4_batch3,49996296
DU4475 -311Cas9_RepA_p6_batch3,49796128
KELLY-311Cas9 Rep A p6_batch3,49537381
SK-N-AS-311Cas9 Rep A p6_batch3,102768775
SKNAS_c906R1,33727530
RERF-LC-AI-311cas9_RepA_p6_batch3,30649070
UOK101-311Cas9_RepA_p6_batch3,36976062
Calu-6-311Cas9_RepA_p6_batch3,27016612
KASUMI-1-311cas9_RepA_p6_batch3,49461335
KP4-311Cas9 Rep A p7_batch3,41382602
KP4_c904R1,33025431
AM38_c907R1,41290029
SNU-213-311Cas9 Rep A p5_batch3,45728784
SU10_c907R1,40436805
Hs852.T-311Cas9_RepA_p5_batch3,62358474
SF539-311cas9_RepA_p6_batch3,36734455
SF539_c907R1,55517728
SLR24-311Cas9_RepA_p4_batch3,33805155
COV362-311Cas9 Rep A p4_batch2,94796396
HCC1419-311Cas9_RepA_p6_batch3,24362021
HCC38-311Cas9_RepA_p6_batch3,31496867
HCC38_c903R1,35467068
EW502-311Cas9_RepA_p6_batch3,40744611
H1755_c906R1,32409009
KP-2-311Cas9 Rep A p5_batch3,50775367
SNU-840 311Cas9_RepA_p6_batch2,42787753
BT549-311cas9 Rep A p5_batch2,49011782
NCI-H209-311Cas9_RepA_p6_batch3,48745599
SNU-1033-311Cas9_RepA_p3_batch3,38270549
KLE-311Cas9_RepA_p6_batch3,41110500
KLE_c908R1,49573222
NCI-H841-311as9_RepA_p6_batch3,28619777
OV90-311Cas9_RepA_p6_batch3,33264214
OV90_c905R1,37239197
EM-2-311Cas9_RepA_p6_batch3,51622639
NB-4-311cas9 Rep A p6_batch3,45852423
OUMS-23-311Cas9 Rep A p5_batch3,85328973
ECGI10-311cas9_RepA_p6_batch3,64927654
ECGI10_c907R1,18676821
SNU-5-311Cas9_RepA_p6_batch4,27643391
SNU1077-311Cas9_RepA_p6_batch3,49986206
Wm-115-311Cas9_RepA_p6_batch3,54948077
EFO-21 311Cas9_RepA_p5_batch2,51652430
EFO21_c905R1,32692291
PK-1_KLM-1-311Cas9_RepA_p6_batch3,51048995
IMR32-311cas9 Rep A p3_batch3,54094796
NCI-H2122-311cas9 Rep A p5_batch3,52775291
SK-N-BE_2_-311Cas9 Rep A p6_batch3,49755567
KARPAS-422-311cas9_RepA_p6_batch3,45965933
KMRC3-311Cas9-RepA-p6_batch4,26628709
SNU-886-311Cas9_RepA_p6_batch3,38906692
TUHR14TKB-311Cas9_RepA_p6_batch3,46985278
MPP 89-311Cas9_RepA_p5_batch3,46536573
PSN-1-311Cas9 Rep A p6_batch3,47692533
PSN1_c904R1,39826204
TE10-311Cas9_RepA_p6_batch3,46100380
TE10_c908R1,32404141
42-MG-BA-311Cas9_RepA_p6_batch3,43260709
42MGBA_c907R1,50270298
HT144-311Cas9_RepA_p6_batch3,30997872
JHOC5-311cas9 Rep A p6_20150925_batch3,49733342
JURLMK1-311Cas9_RepA_p6_batch3,47954412
SNU620-311cas9-RepA-p6_batch4,34048195
CCF-STTG1-311Cas9_RepA_p5_batch3,39924893
EFM19-311cas9_RepA_p5_batch2,45933485
IST-MES2-311Cas9_RepA_p6_batch3,42750095
YAPC-311Cas9 Rep A p6_batch3,45003803
AML3_c905R1,43286288
DB-311Cas9_RepA_p3_batch3,34605537
MSTO-211H-311Cas9_RepA_p6_batch3,36191193
OCIAML3-311CAS9_RepA_p6_batch3,24589045
H3122_c906R1,25324750
HCC461-Avana4 Rep A p6_batch3,36056826
NCIH3122-311Cas9_RepA_p6_batch3,39622106
NCIH522-311Cas9_RepA_p6_batch4,34171813
SK-N-FI-311Cas9 Rep A p3_batch2,51720219
SKNFI_c906R1,29610767
SNU668-311cas9_RepA_p6_batch3,56974518
CO678_c903R4,67786694
COLO-678-311Cas9 Rep A p5_batch3,68584221
JVM3-311cas9_RepA_p6_batch4,24046834
RPMI7951-311Cas9_RepA_p5_batch3,44065932
CAPAN1_c904R1,43656719
HCC1428-311Cas9_RepA_p6_batch3,74308174
NCI-H82-311Cas9_RepA_p6_batch3,45194548
MKN45 -311Cas9_RepA_p6_batch3,47239164
MOLM-13-311cas9 Rep A p5_batch3,39756837
SK-MM-2-311Cas9_RepA_p6_batch3,118837621
SKHEP1-311Cas9_RepA_p6_batch3,44478403
SK-N-DZ-311Cas9_RepA_p5_batch2,38287709
SKNDZ_c906R1,41381813
SUDHL4-311Cas9_RepA_p6_batch3,48341398
U2-OS-311Cas9_RepA_p6_batch3,52939175
H226_c90R1,46749898
SNU-1105-311Cas9_RepA_p6_batch3,52833570
SNU626-311Cas9-RepB-p5_batch3,23196359
G402-311Cas9_RepA_p6_batch3,63268281
HCC1143-311cas9 Rep A p6_batch2,50293414
HCC114_c904R1,31576300
RL-311cas9-RepA-p6_batch3,45120656
SF-295-311Cas9_RepA_p6_batch3,34543750
SF295_c907R1,39198471
SNU-478-311Cas9_RepA_p6_batch3,53483068
NCI-H647-311cas9_RepA_p6_batch3,40479368
OE33-311Cas9_RepA_p4_batch2,47815630
OE33_C907R1,20559492
T84-311Cas9 Rep A p6_batch3,50941183
T84_c903R4,37891319
H4-311cas9_RepA_p6_batch3,41804504
SKRC20-311Cas9_RepA_p6_batch3,23682802
TF-1-311cas9 Rep A p5_20150925_batch3,55614193
LUDLU1-311Cas9_RepA_p4_batch2,42239078
MHHES1-311Cas9_RepA_p6_batch4,34073651
MHHES1_c907R1,40558272
H520_c906R1,45455231
HLF-311Cas9_RepA_p6_batch3,43287747
NCI-H520-311Cas9 Rep A p6_batch3,40534596
TEN-311Cas9_RepA_p6_batch3,61499018
BL70-311cas9_RepB_p6_batch3,69268583
COLO-800-311Cas9_RepA_p6_batch3,61595427
NCI-H747-311cas9 Rep A p3_batch2,32731906
Ri1-311cas9_RepA_p6_batch4,30382554
K029AX-311cas9_RepB_p6_batch3,18181399
MEC1MEC2-311cas9_RepA_p6_batch4,32122435
SNU-685-311CAS9_RepA_p5_batch3,47618800
U937-101Cas9 Rep A p6_batch3,89463228
769-P-311Cas9_RepA_p5_batch3,37770640
769P_c908R1,38138218
Saos-2-311cas9_RepA_p6_batch3,70959337
TE-5-311Cas9_RepA_p6_batch2,58356572
TE5_c908R1,32161310
H1944_c906R1,35250243
NCI-H1944-311cas9 Rep A p5_batch3,59695850
BICR-6-311Cas9_RepA_p6_batch3,56025766
NCI-H838-311Cas9_RepA_p4_batch3,51595173
P0813_c904R1,33428447
PANC0813-311Cas9-RepA-p6_batch4,33139734
SNU-475-311Cas9_RepA_p6_batch3,46537912
SNU449-311Cas9_RepA_p5_batch3,43843361
SW837-311cas9 Rep A p5_batch2,42543467
SW837_c903R1,58571422
TC-71-311Cas9_RepA_p6_batch3,48058809
TC71_c907R1,35446952
UACC62-311Cas9_RepA_p5_batch3,40674973
KMS20-311Cas9_RepA_p4_batch3,49621298
N87_c908R1,33886590
NCI-N87-311Cas9_RepA_p4_batch3,56207242
TYKnu_c905R1,29228024
CAKI-1-311Cas9_RepA_p4_batch2,52196791
H1915_c906R1,32326094
NCI-H1915-311Cas9_RepA_p6_batch3,44186748
NCIH1694-311Cas9_RepA_p4_batch3,34483160
EFE-184-311Cas9_RepA_p6_batch3,43670747
OCI-MY7-311Cas9_RepA_p6_batch3,32100855
SW1088-311Cas9_RepA_p6_batch3,49573490
SW1088_c907R1,29934517
LU65-311cas9-RepA-p6_batch3,44719448
LU65_c906R4,43252070
SH4-311Cas9-RepA-p6_batch4,21214798
KNS60-311cas9_RepB_p6_batch3,34082406
LCSq1_c906R1,46708874
LU99-311cas9_RepA_p6_batch3,31228636
NCIH1666-311Cas9_RepA_p6_batch3,39999061
MELHO-311Cas9_RepA_p6_batch3,63716591
TE-8-311Cas9_RepA_p5_batch3,45105770
TE8_c908R1,34584124
CJM-311Cas9_RepA_p7_batch3,49519651
HCC-95-311Cas9_RepA_p6_batch2,33121970
LN428-311Cas9_RepA_p6_batch4,36755250
TUHR-10-TKB-311Cas9_RepA_p5_batch3,17956011
CAS1_c907R1,43988759
Cas1-311Cas9_RepA_p5_batch3,48949581
NCI-H460-311Cas9_RepA_p6_batch2,34874054
SNU-8-311Cas9 Rep A p5_batch3,52776592
SNU1196-311cas9_RepB_p6_batch3,25653797
HCC56-311Cas9_RepA_p4_batch2,32064441
PK-45H-311cas9 Rep A p6_batch3,52504791
SNU-216-311cas9_RepA_p4_batch3,49233797
SW1463-311cas9 Rep A p5_batch2,79206115
YH-13-311Cas9_RepA_p6_batch3,33794690
YH13_c907R1,38228911
HSC2-311cas9_RepA_p5_batch3,36903781
HUH1-311Cas9_RepA_p6_batch3,35125167
Li-7-311cas9_RepA_p6_batch3,53806838
RT112 -311Cas9_RepA_p6_batch2,24929075
HUH7-311Cas9_RepA_p6_batch2,51718111
JHH-4-311Cas9_RepA_p5_batch3,34442177
MALME-3M-311cas9_RepA_p6_batch3,51715286
SNU-387-311Cas9_RepA_p6_batch3,47354059
H2170_c906R1,44061744
NCI-H2170-311Cas9 Rep A p4_batch2,95302493
SNU-182-311Cas9_RepA_p4_batch3,49541581
VMRC-RCW-311Cas9_RepA_p4_batch3,33751001
F36P-311cas9_RepA_p6_batch3,22477319
GSU-311cas9_RepA_p5_batch3,37203398
KU-19-19-311Cas9_RepA_p6_batch3,52378328
TE11-311cas9_RepA_p6_batch3,26232349
NCI-H716-311cas9 Rep A p5_batch2,27342498
SF767-311Cas9_RepA_p6_batch3,74799068
SNU423-311Cas9_RepA_p6_batch3,71848071
TUHR4TKB-311Cas9_RepB_p5_batch3,33827415
EW8-311Cas9_RepA_p6_batch3,30171055
KO52-311Cas9_RepA_p6_batch3,37264784
NCI-H1792-311Cas9 Rep A p6_batch3,49420581
SNU46-311Cas9_RepA_p6_batch3,47317959
BICR16-311Cas9_RepA_p6_batch3,54238051
LS123_c903R1,48811892
TCC-PAN2-311Cas9 Rep A p6_batch3,56333006
RKN-311Cas9_RepA_p6_batch3,55661400
RKN_c905R4,32819283
SNB75-311Cas9_RepA_p6_batch3,26136761
SNB75_c907R1,53114940
H1299_c906R1,30660398
KE39-311Cas9_RepA_p6_batch3,62726960
NCI-H1299-311Cas9_RepA_p5_batch3,42838326
CAL-78-311CAS9_RepA_p5_batch3,22729334
Calu-1-311Cas9_RepA_p6_batch3,34622196
INA-6-311cas9_RepA_p5_batch3,23046552
NCIH1092-311Cas9_RepA_p4_batch3,54347827
59M-311Cas9_RepA_p4_batch3,44987949
CAL33_c907R1,29788374
Cal33-311Cas9_RepA_p6_batch3,54724331
SNU-410-311cas9 Rep A p5_batch3,45895994
KURAMO_c905R1,45259743
Kuramochi-311cas9 Rep A p3_batch3,56235144
NCI-H2030-311Cas9 Rep A p6_batch3,45187892
UM-UC-3-311Cas9_RepA_p5_batch3,50601220
ABC-1-311Cas9 Rep A p5_20150925_batch3,53075090
OVISE-311cas9 Rep A p6_batch2,47327726
OVISE_c905R2,38423648
BXPC3-311Cas9-RepA-p6_batch3,47500174
BxPC3_c904R1,22507026
NCIH2004RT-311cas9-RepA-p6_batch4,36496508
SNU61_c903R1,61152228
Hey-A8-311Cas9_RepA_p6_batch2,82062959
KMS34-311Cas9_RepA_p6_batch3,42414604
SNU761-311Cas9_RepB_p6_batch3,26868163
HSC4_c908R1,29092071
OE21-311Cas9_RepA_p6_batch3,42425823
OE21_C907R1,23903577
VM-CUB1-311Cas9_RepA_p6_batch3,51435202
BHY-311Cas9_RepA_p6_batch3,42581890
BHY_c908R1,28166287
HT1197-311Cas9_RepA_p6_batch3,30832076
HT29-311Cas9_RepA_p6 AVANA_batch3,34301572
IGR-39-311Cas9_RepA_p5_batch2,46797288
K562-311CAs9-RepA-p6_batch3,74970584
SNU1076-311cas9_RepA_p6_batch3,27995040
AML193-311cas9_RepA_p6_batch3,41511610
SiHa-311cas9_RepA_p6_batch3,52162223
U893_c903R1,44406834
A172_c907R1,33413333
HCC78_c906R3,36915991
TT1_c908R1,104349730
EBC1-311cas9_RepA_p6_batch3,49975935
EBC1_c906R1,51654243
RCM1_c903R1,34776782
YKG1-311Cas9_RepA_p6_batch3,52343894
MB436_c903R1,56160463
MDAMB436-311cas9 Rep A p5_batch2,28464101
T98G-311Cas9_RepA_p5_batch3,34053753
T98G_c907R1,36711355
JHH2-311Cas9_RepA_p4_batch3,25399228
KMS27-311Cas9_RepA_p6_batch3,60871155
UACC-257 -311Cas9_RepA_p5_batch2,18704392
C32-311Cas9_RepA_p6_batch3,55748343
SNU16-311cas9-RepA-p6_batch3,34489266
SNU16_c908R1,47383298
EPLC-272H-311Cas9 Rep A p6_batch2,40918920
EPLC27_c906R1,39967906
JHOS-4-311cas9 Rep A p4_batch2,53107369
JHOS4_c905R1,35517942
MC116-311cas9_RepA_p6_batch3,55914685
H1975_c906R4,37069475
KMS-26-311Cas9_RepA_p6_batch2,37151869
NCIH1975-311Cas9-RepA-p6_batch3,31352274
LN-235-311Cas9_RepA_p5_batch3,62970177
NCI-H1437-311Cas9 Rep A p5_batch3,43899389
TM-31-311Cas9_RepA_p5_batch3,51438315
BC-3C-311Cas9_RepA_p6_batch3,44627681
LCLC-97TM1-311Cas9_RepA_p6_batch3,48450107
LCLC97_c906R1,32627274
LN229_c907R1,30283315
P8902_c904R1,40761451
PATU8902-311Cas9-RepA-p6_batch3,20455833
SLR26-311cas9_RepA_p6_batch3,41522456
TTC709-311Cas9-RepA-P5_batch4,31658026
M07E-311cas9-RepA-p6_batch4,32125363
MIA Paca-2-311Cas9 Rep A p6_batch3,73517021
MIAPac_c904R1,40589311
KYM1-311cas9-RepA-p6_batch4,32085195
KYO1-311Cas9_RepA_p6_batch3,39015671
PE_CA-PJ-34Clone C12-311Cas9_RepB_p5_batch2,56065386
TE6-311cas9_RepA_p6_batch3,42044800
COV644-311cas9 Rep A p4_batch2,59956377
HS746T-311Cas9_RepA_p6_batch3,28660803
RVH421-311Cas9_RepA_p5_batch3,44237358
SF126_c907R1,47999968
PECAPJ15-311Cas9_RepA_p6_batch3,40089957
PECAPJ_c908R1,25034467
SNU-1041-311Cas9_RepA_p6_batch3,40439320
JHH1-311Cas9_RepA_p5_batch3,44822532
KNS42-311Cas9_RepA_p4_batch3,56282186
KNS42_c907R1,22153130
MDAMB157-311cas9 Rep A p4_batch2,29217903
HCC1806-311cas9_RepA_p5_batch3,48327057
HCC180_c904R1,28358250
LCLC-103H-311Cas9 Rep B p6_batch3,69964319
SNU-201-311Cas9_RepA_p6_batch2,54500770
FU97-311Cas9_RepA_p6_batch3,30929485
Hs 944.T-311Cas9_RepA_p6_batch3,48390745
YD8-311Cas9_RepA_p6_batch3,21084411
KYSE-520-311Cas9_RepA_p6_batch3,39191314
KYSE52_c908R1,50405686
LN340-311Cas9_RepA_p6_batch3,47463931
NCI-H441-311Cas9 Rep A p6_batch3,31587311
JL-1-311Cas9_RepA_p6_batch4,22768888
NCI-H211-311cas9_RepA_p6_batch3,26995020
OVMANA-311Cas9_RepA_p5_batch3,43373606
TE-1 -311Cas9_RepA_p5_batch3,51153934
786O-311Cas9_RepA_p6_batch2,44925518
NCIH28-311Cas9_RepA_p6_batch3,39260435
SW620-311Cas9_RepA_p6_batch2,60683091
SW620_C902R1_P1D14,42670307
JJN-3-311Cas9_RepA_p5_batch3,37428844
SUIT-2-311Cas9_RepA_p5_batch3,33729957
SUIT2_c904R1,39506269
A2780-311cas9 Rep A p6_batch2,35013702
A2780_c905R1,39273396
Raji-311cas9_RepA_p6_batch3,43003696
SF268-311cas9_RepA_p6_batch3,20614659
SU8_c907R1,24099586
KMS18-311cas9_RepA_p6_batch3,27323031
SU5_c907R1,31309459
WM1799-311Cas9_RepA_p5_batch3,42815644
CORL23-311cas9_RepA_p4_batch3,14456615
L23_c906R1,35732093
OVTOKO-311Cas9_RepA_p5_batch2,53832081
H1355_c906R1,32961934
HCC44-311Cas9-RepA-p6_batch3,28136275
SKMES1-311cas9_RepA_p5_batch3,49559451
SKMES1_c906R1,41738816
HCC70_c903R1,43303309
HuH-6-311Cas9_RepA_p6_batch3,41794633
LN443-311Cas9_RepA_p6_batch3,46171590
LN464-311Cas9_RepA_p6_batch3,39682437
SW-1573-311Cas9_RepA_p4_batch3,53411839
SW1573_c906R1,40187202
SW948-311Cas9_RepB_p6_batch3,45694462
A549-311Cas9 Rep A p5_batch3,29034476
A549_c906R2,30519663
SNU-1066-311Cas9_RepA_p6_batch3,69125218
SNU-503-311Cas9 Rep A p3_batch2,57103601
KMRC1-311Cas9_RepA_p5_batch2,45888543
KYSE180-311Cas9_RepA_p6_batch3,62453493
L33-311Cas9-RepA-p6_batch3,50965392
OV7-311cas9_RepA_p4_batch2,66716328
CORL47-311Cas9_RepB_p5_batch3,76190718
TE-9-311Cas9_RepA_p6_batch3,45487086
TE9_c907R1,43281013
A3/KAW-311cas9_RepA_p6_batch3,23557966
DMS53-311Cas9_RepA_p6_renamed_batch2,33639794
OVCAR8-311Cas9_RepA_p6_batch2,51516132
OVR8_c905R1,31283350
HCC1395-311Cas9_RepA_p3_batch2,75739409
HCC139_c903R1,42742669
NCI-H2882-311Cas9_RepA_p5_batch3,24671462
RMUG-S-311cas9 Rep B p4_batch2,59253275
EKVX-311Cas9_RepA_p6_batch3,34377258
KMRC2-311Cas9-RepA_p6_batch4,27670250
L1236-311cas9_RepA_p4_batch3,38515716
OAW42_c905R1,34324700
Caov-3-311Cas9_RepA_p6_batch2,33172533
JIMT1-P6 RepA Unmodified primers_batch3,70499396
JIMT1_c903R1,37558567
CO680N_c907R1,26357755
KMS-11-311Cas9_RepA_p5_batch2,19156143
KMS11_c907R1,35910177
TT2609C02-311cas9-RepA-p6_batch4,43779527
NCI-H2291-311Cas9 Rep A p4_batch3,42525055
RMGI-311Cas9-RepA-P6_batch4,26810586
RMGI_c905R1,35862008
HMC18-311Cas9_RepA_p6_batch3,48529491
HT-1376-311Cas9_RepA_p6_batch3,51729299
SNUC1_c903R4,50350512
TCCSUP-311Cas9_RepA_p6_batch3,51009655
HCC202-311Cas9_RepA_p5_batch3,33891203
JHH5-311Cas9_RepA_p6_batch2,21939051
PE/CA-PJ41(cloneD2)-311Cas9_RepA_p6_batch3,32585884
PECAPJ49-311cas9_RepA_p6_batch3,47745914
GB1-311Cas9_RepA_p6_batch3,26815420
GB1_c907R1,34727840
SNU601-311Cas9_RepA_p5_batch3,42577589
A253-311Cas9_RepA_p6_batch3,30478631
A253_c908R1,46646512
HEPG2-311cas9_RepA_p6_batch3,48944864
UBLC1-311cas9-RepA-p6_batch4,31901415
GSS-311Cas9_RepA_p6_batch3,42168961
NCIH1703-311Cas9_RepA_p6_batch3,28495896
SJSA-1 -311Cas9_RepA_p6_batch3,32616782
SJSA1_c908R1,21471760
GI-1-311Cas9_RepA_p6_batch3,20278199
GI1_c907R1,37011935
JMSU-1-311Cas9_RepA_p6_batch3,34475759
L428-311cas9-RepA-p4_batch4,36172408
A427-311cas9 Rep A p4_batch3,46649136
LNZ308-311cas9_RepA_p6_batch3,32279938
MKN74-311Cas9_RepA_p5_batch3,28192566
MM1-S-311cas9_RepA_p3_batch3,25010675
SH10TC-311Cas9_RepA_p6_batch3,27348390
WM983B-311Cas9_RepA_p6_batch3,72662693
YD38-311Cas9_RepA_p6_batch3,45147135
MDAMB231-311Cas9_RepA_p5_batch2,44148862
MDAMB2_c903R2,23550608
NCI-H1648-311Cas9 Rep A p4_batch3,57008510
NCI-H526-311cas9_RepA_p6_batch3,70094106
BICR56-311cas9_RepA_p6_batch3,19238497
LK-2-311Cas9 Rep A p6_batch3,83641531
LK2_c906R1,39393894
P31FUJ-311Cas9 Rep B p6_batch3,93719475
Ki-JK-311cas9 Rep A p4_batch3,44066055
NCI-H727-311Cas9_RepA_p6_batch3,36445572
RERF-LC-Ad2-311cas9_RepA_p6_batch3,35077775
HSC3-311Cas9_RepA_p4_batch2,38867782
HSC3_c908R1,27680904
KYSE-30-311Cas9_RepB_p6_batch3,44681943
ONS-76-311Cas9_RepA_p6_batch3,39427713
Cama1-311Cas9_RepA_p4_batch2,56295457
H2023_c906R1,28024075
NCI-H2023-311Cas9 Rep A p6_batch3,52731054
SEM-311cas9_RepA_p6_batch3,51373296
KYSE70-311Cas9_RepA_p5_batch2,53464615
KYSE70_c907R1,31378371
NCI-H2126-311Cas9 Rep B p5_batch3,30979302
A2058-311cas9_RepA_p6_batch3,49920893
A2058_c903R1,52783257
LXF-289-311cas9 Rep B p6_batch3,92631469
LXF289_c906R1,38734257
BFTC909-311Cas9_RepA_p6_batch3,50715110
KATOII_c908R1,45135336
KatO III Rep A P6_batch3,30139018
RERF-LC-Ad1-311Cas9 Rep A p5_batch3,61572795
SHP77-311cas9_RepA_p5_batch3,22575900
BICR22-311Cas9_RepA_p6_batch3,45172949
BICR22_c908R1,30258420
Hs695T-311Cas9_RepA_p4_batch3,21353765
MCAS-311Cas9_RepA_p5_batch3,29310021
MCAS_c905R1,63413062
NCI-H446-311cas9_RepA_p6_batch3,57249382
BFTC-905-311Cas9_RepA_p6_batch3,46414058
COLO-679-311Cas9_RepA_p5_batch3,39015596
Hs936.T-311cas9_RepA_p6_batch3,46085972
NB-1-311Cas9 Rep A p6_batch3,112701726
KYSE-410-311Cas9_RepA_p6_batch3,46780891
KYSE41_C908R1,27089961
SNU738-311cas9_RepA_p6_batch3,45017334
Hs939.T-311Cas9_RepA_p6_batch3,41135277
R8226_c907R1,35682504
RPMI8226-311Cas9_RepA_p6_batch3,27769668
SK-OV-3-311cas9 Rep A p5_batch2,36220333
SKMEL30-311Cas9_RepA_p6_batch3,44181456
EJM -311Cas9_RepA_p4_batch3,30006323
LN18-311Cas9_RepA_p6_batch3,51767581
SW403-311Cas9_RepB_p5_batch2,44317662
KYSE-140-311Cas9_RepA_p6_batch3,29463374
KYSE14_c907R1,35585252
SKMEL-24-311Cas9_RepA_p6_batch3,43898996
CAL12T-311cas9_RepA_p6_batch3,35101512
KYSE-510-311cas9_RepA_p5_batch3,39754644
KYSE51_c907R1,30282097
WM793-311Cas9_RepA_p6_batch2,60496433
CAL27-311cas9_RepA_p6_batch3,41563184
CAL27_c907R1,21254797
HEC-50B_RepA_p6_batch3,38394730
HUNS1-311Cas9_RepA_p6_batch3,40528132
GCT-311Cas9_RepA_p6_batch3,29009624
RH-30-311Cas9_RepA_p6_batch3,39242221
UM-UC-1-311Cas9_RepA_p6_batch3,52433471
YD-15-311cas9_RepA_p6_batch3,47801072
AMO1-311Cas9_RepA_p6_batch3,48776245
HCC366-311cas9_RepA_p5_batch3,33179498
NCI-H322-311Cas9 Rep A p6_batch3,36194493
SCaBER-311Cas9_RepA_p6_batch3,40119242
H2087_c906R1,28983142
HARA-311cas9_RepA_p6_batch3,73267158
HARA_c906R1,37736276
NCI-H2087-311Cas9 Rep A p4_batch3,45224068
FADU-311Cas9_RepA_p6_batch3,21902975
FADU_c908R1,26772591
NCIH1373-311cas9-RepA-p6_batch4,32369419
HGC27-311Cas9_RepA_p6_batch3,54219218
HGC27_c908R1,45161884
JHH7-311Cas9_RepA_p6_batch3,33577463
MB468_c903R1,37646710
MDAMB468-311cas9_RepB_p6_batch2,16550002
MOR/CPR-311cas9 Rep A p4_batch3,77876414
NCI-H661-311Cas9_RepA_p6_batch3,61950064
CAL51_c903R1,27740750
Cal-51-311cas9 Rep A p6_batch3,98057748
KYSE-150-311Cas9_RepA_p6_batch3,22255168
KYSE15_c907R1,29822083
OCIMY5-311Cas9_RepB_p5_batch3,40530487
KNS62-311Cas9_RepA_p6_batch3,34884970
KNS62_c906R4,30829495
H358_c906R1,39261429
HCC1954-311Cas9_RepB_p6_batch2,53478302
HCC195_c903R1,32795528
NCIH358-311cas9-RepA-p6_batch4,32402215
HOP-62-311CAS9 Rep A p6_batch3,44434611
HOP62_c906R1,45596424
KMBC-2-311Cas9_RepA_p5_batch3,39093159
CO684_C908R2,49522090
DBTRG0_c907R1,31460950
KYSE450-311Cas9_RepA_p6_batch3,14812433
KYSE45_c908R1,24763073
CHAGOK1-311Cas9_RepA_p4_batch3,46429959
H1568_c906R1,77498964
NCI-H1048-311cas9_RepA_p6_batch3,45733637
NCI-H1568-311Cas9_RepA_p4_batch3,58820272
HCC515-311Cas9 Rep A p6_batch2,36559009
KYSE270-311Cas9_RepA_p6_batch3,25077027
KYSE27_c908R1,31887214
HCC15-311Cas9_RepA_p5_batch3,52872435
HCC15_c906R1,33737940
MB415_c903R1,32264278
MDAMB415-311cas9 Rep A p4_batch2,32566358
AGS-311Cas9_RepA_p6_batch3,51252866
AGS_c908R1,48092943
MFE296_c908R1,26026544
IGR1-311Cas9_RepA_p6_batch3,43057239
MDAMB435S-311Cas9_RepA_p6_batch3,58579737
MelJuso-311Cas9_RepA_p6_batch2,44192828
TOV-21G-311Cas9 Rep A p6_batch3,90571281
TOV21G_c905R1,30369902
NCI-H2009-311CAS9-RepA-p6_batch4,29682947
SF172-311Cas9_RepA_p6_batch3,41638118
H1869_c906R1,32836447
KMM-1-311Cas9_RepA_p6_batch3,37148442
NCIH1793-2Acas9-RepA-p6_batch3,67873092
SW1271-311cas9_RepA_p6_batch3,26664981
647-V-311Cas9_RepA_p6_batch3,43023492
H23_c906R1,30328603
NCI-H23-311Cas9 Rep A p5_batch3,40655168
SNU719-311cas9_RepA_p4_batch3,28927249
WM88-311Cas9_RepA_p6_batch3,43163875
5637-311Cas9_RepA_p6_batch3,37853509
FTC133-311cas9-RepA-p6_batch3,52178211
HCC-1359-311Cas9 Rep A p5_batch3,57080336
ES-2-311Cas9 Rep A p7_batch3,50288226
ES2_c905R1,37499682
SNU349-311Cas9_RepA_p6_batch2,27385769
MB453_c903R1,22478453
MDAMB453-311Cas9_RepA_p5_batch2,26597807
NUGC3-311Cas9_RepA_p6_batch3,39704895
NUGC3_c907R1,41350872
ESS1-311Cas9_RepA_p6_batch3,49746691
ESS1_C908R2,45972121
HT-311cas9_RepA_p4_batch3,34178601
NCI-H2286-311caa9_RepA_p6_batch3,42543514
IPC298-311Cas9_RepA_p6_batch3,28318855
NCIH1573-311Cas9_RepA_p6_batch3,37167146
TE-4-311Cas9_RepA_p6_batch3,47692248
TE4_c907R1,30157895
IM95_c908R3,21396404
NCIH1339-311Cas9_RepA_p6_batch3,33482637
RCHACV-311Cas9_RepB_p6_batch4,43193496
HT55-311Cas9_RepA_p4_batch2,57953353
HT55_C902R1_P1D14,50366177
JHUEM1-311Cas9_RepA_p6_batch3,42736212
NCI-H2172-311Cas9_RepA_p6_batch3,47541556
NCI-H2110-311Cas9_RepA_p6_batch3,41511896
SNU-1-311Cas9_RepA_p6_batch3,32307754
SNU1_c908R1,49361772
EFO-27-311Cas9_RepA_p6_batch2,43942478
EFO27_c905R1,38226084
MB361_c904R1,38924635
MDST8-311Cas9 Rep A p6_batch3,73659821
MDST8_c903R3,40051672
NALM-6-311CAS9_RepA_p6_batch3,34824971
PF382-311CAS9_RepA_p6_batch3,48805527
SK-UT-1-311Cas9_RepA_p6_batch3,28554286
HEC-1-B-311CAS9_RepA_p6_batch3,52126094
RKO-311Cas9_RepA_p6_batch2,52011191
RKO_C902R1_P1D14,45338039
H650_c906R1,36175349
HEC265-311Cas9_RepA_p6_batch3,19700104
NAMALWA-311cas9-RepA-p6_batch4,42214801
OVK18-311cas9 Rep A p5_batch2,132412509
OVK18_c905R1,37226738
2313287-311Cas9_RepA_p5_batch3,24890809
231328_c908R1,46484919
LOVO-311Cas9_RepA_p6_batch2,33607285
Lovo_c903R4,56252481
22RV1_c908R1,23738818
SUPT1-311Cas9_RepA_p6_batch3,43785837
LS 180-311Cas9 Rep A p4_batch2,36261839
LS180_C902R1_P1D14,40427498
SW48-311Cas9_RepA_p6_batch3,39665853
SW48_C902R1_P1D14,37075044
Ishikawa (Heraklio) 02 ER-311cas9-RepA-p6_batch3,33357560
Reh-311cas9_RepA_p5_batch3,64959706
SNUC4-311Cas9-Rep-A-p6_batch3,28529456
CCK-81-311cas9 Rep A p2_batch2,40987416
OC314_c905R1,31997002
RL952-311cas9_RepA_p6_batch3,42595881
RL952_c908R1,31116599
COLO-792-311Cas9_RepA_p6_batch3,43807929
IGROV1_c905R1,32119651
KM12-311Cas9 Rep A p5_batch3,41088742
KM12_c908R1_100,28646624
639V-311Cas9_RepA_p6_batch3,44921654
HCT116_C902R1_P1D14,31868841
SNUC5_C902R1_P1D14,38021642
HCC2450-311Cas9_RepA_p6_batch3,37527715
SNGM-311Cas9_RepA_p6_batch3,44633865
SNGM_c907R1,29336838
EN-311Cas9_RepA_p6_batch3,52198248
HuCCT1-311cas9_RepA_p6_batch3,49009409
LNCAPCLONEFGC-311Cas9-RepA-p4_batch4,26347082
LNCaPC_c908R1,45953023
DU145_c908R1,44859847
H1155_c906R1,47919254
NCI-H1155-311Cas9_RepA_p5_batch3,38709538
HEC6-311Cas9_RepA_p6_batch3,44720723
HT115-Avana 4 Rep A p6_batch3,100160056
KCL22-311Cas9_RepA_p6_batch3,34696604
LS411N_c903R1,57564442
HEC-59-311Cas9_RepA_p6_batch3,42698568
JHUEM7-311Cas9_RepA_p5_batch3,38472925
MFE-319-311Cas9_RepA_p6_batch3,34247076
SNU81_c903R1,49823079
HCT15_C902R1_P1D14,31429046
HEC-251-311Cas9_RepA_p5_batch3,48064436
JURKAT-311Cas9-RepA-p6_batch4,34546446
143B-311Cas9_RepA_p6_batch3,58239762
BT16-311Cas9-RepA-P6_batch4,47858665
Becker_c907R1,27444139
CHLA06-311Cas9_RepA_p6_batch3,43601205
CHLA266-311Cas9_RepA_p6_batch3,58306059
CHLA57-311Cas9_RepA_p5_batch3,22289113
CMK115-311Cas9-RepA-P6_batch4,35008544
COGE352-311Cas9_RepA_p5_batch3,45596406
CO205_c903R1,63249442
CW9019-311Cas9_RepA_p4_batch3,38537521
Colo699-311cas9-RepA-p6_batch4,39499701
Cov504-311Cas9_RepA_p6_batch2,40310837
D425-311cas9_RepA_p6_batch2,34135820
D458-311Cas9_RepA_p6_batch2,39506766
DLD1-311Cas9_RepA_p7_batch2,35820977
DOV13_c905R1,45984838
EVSAT_c903R1,32368945
F5-311Cas9_RepA_p6_batch3,34388936
NCIH292-311Cas9_RepA_p6_batch3,39296967
HCC299_c903R1,65293309
JR-311Cas9_RepA_p6_batch3,53337586
KCIMOH1-RepA-p6_batch4,40305845
KD-311Cas9_RepA_p6_batch4,38001459
KP1N_c904R1,38250257
MOGGUV_c907R1,37462888
MONO-MAC1-311cas9_RepA_p6_batch3,33542002
My-La-311cas9 Rep A p6_batch2,33660847
H1993_c906R1,39008543
OC316-311cas9-RepA-p6_batch4,25873124
OVCAR-5-311Cas9_RepA_p6_batch3,34204096
OVR5_c905R1,32951698
PEDS005TPFAD-311Cas9_RepA_p6_batch2,47029957
PEDS015T-311CAS9_RepA_p6_batch3,56565273
RT11284-311Cas9_RepA_p6_batch3,36978736
MEL2_C908R1,20010174
SCMCRM2-311cas9_RepA_p6_batch3,49160529
SKMEL2-311Cas9_RepA_p4_batch3,32852111
SK-NEP-1-311ca9_RepA_p6_batch3,51339837
SKPNDW-311Cas9_RepA_p6_batch3,62897647
SKPNDW_c907R2,31008419
SKRC31-311cas9-RepAB-p6_batch4,21712952
SMS-CTR-311Cas9_RepA_p6_batch3,49216136
SMZ1-311Cas9 Rep A p6_batch3,52509709
TC32-311Cas9_RepA_p6_batch3,80941435
TTC549-311Cas9-RepA-P6_batch4,30798826
TTC642-311Cas9_RepA_p6_batch3,47358346
UPCISCC152-311Cas9_RepA_p5_batch3,60107393
UPCISCC154-311Cas9-RepA-P6_batch4,34256709
UW228-311Cas9_RepB_p6_batch2,45789820
LCD_c906R1,30572280
SW982-311Cas9_RepA_p6_batch3,88349982
SYO1-311Cas9_RepA_p6_batch3,28476181
WM2664_RepA_p5_batch3,47427242
BIN-67-311Cas9_RepA_p5_batch3,55212113
SCCOHT1-311cas9_RepA_p5_batch3,65321643
SCS214-311Cas9_RepA_p5_batch3,31715130
YAMATO-311Cas9_RepA_p6_batch3,49503647
CHLA15-311Cas9_RepA_p6_batch3,33355112
COGAR359-311Cas9_RepA_p6_batch3,20643486
TC106-311Cas9_RepA_p6_batch3,39633508
Y79-311Cas9_RepA_p6_batch3,45877390
COGN-305-311cas9_RepA_p5_batch3,53368428
COGN278-311Cas9_RepA_p6_batch3,22261588
NB1643-311Cas9_RepA_p4_batch3,36121898
8305C-311cas9_RepA_p5_batch3,40636807
8505C-311cas9-RepA-p6_batch4,31305602
CME-1-311CAS9_RepA_p6_batch3,45120013
PLCPRF5-311Cas9_RepA_p6_batch3,40071889
A431-311cas9_RepA_p6_batch3,39452188
ANGMCSS-311Cas9_RepA_p6_batch3,28181179
BICR10_c908R1,26732645
BICR78-311Cas9_RepA_p6_batch3,40365980
BICR78_c907R1,29338898
C-33 A-311Cas9_RepA_p6_batch3,34633099
C4I-311cas9-RepA-p6_batch4,36769145
C4II-311cas9_RepA_p6_batch3,34628675
CASKI-311Cas9_RepA_p6_batch3,29957907
COV413A-311Cas9_RepA_p4_batch3,51545507
Dotc2 4510-311Cas9_RepA_p5_batch4,33730964
GIMEN-311cas9_RepB_p6_batch3,44784600
GP5d-311Cas9_RepA_p6_batch3,40521648
GP5d_c903R1,62284307
H103-311cas9_RepA_p6_batch3,27431809
H157-311cas9-RepA-p6_batch3,43731027
JOPACA1-311cas9_RepA_p6_batch3,30139896
LAN2-311Cas9_RepA_p5_batch3,42680654
MB1-311cas9_RepA_p6_batch3,52287746
NGP-311cas9_RepA_p6_batch3,42291481
OACM51-311Cas9_RepA_p6_batch3,31487846
OACM51_c907R1,22947634
OCI5X-311cas9_RepA_p6_batch3,30076389
PACADD119-311cas9_RepA_p6_batch3,41674771
PACADD137-311cas9_RepA_p6_batch3,29046877
Pa-1-311cas9_RepA_p5_batch3,38108388
PACADD161--311Cas9_RepA_p6_batch3,47172941
PACADD165-311cas9_RepA_p6_batch3,49422657
PACADD188-311cas9_RepA_p6_batch3,54645160
RPMI2650-311cas9-RepA-p6_batch4,37849587
SCLC22H-311cas9-RepA-p6_batch4,43776873
SUM1315MO2-311cas9-RepA-p6_batch4,33929278
SUM149PT-311cas9_RepA_p6_batch3,48223222
SUM159PT-311Cas9_RepA_p5_batch3,29518304
SUM229PE-311Cas9_RepA_p3_batch3,34626572
SUM52PE-311cas9_RepA_p6_batch3,30314980
SW626_c905R1,32540503
SW954-311cas9_RepB_p6_batch4,32730899
SW756-311Cas9_RepA_p5_batch3,23691756
TO14-311Cas9_RepA_p4_batch3,55154795
UMUC13-311cas9_RepA_p6_batch3,94449957
UMUC14-311Cas9_RepA_p6_batch3,58356025
UM-UC-10-311cas9_RepA_p6_batch3,27346177
UMUC16_311Cas9_RepA_B_P6_batch3,53716813
UMUC5-311Cas9_RepA_p6_batch3,60364367
UmUC11-311Cas9_RepA_p6_batch3,40671376
UMUC6-311cas9_RepB_p6_batch3,29408093
UMUC7-311cas9_RepA_p3_batch3,46467971
UMUC9-311Cas9_RepA_p6_batch3,49099027
UWB1289-311cas9-RepA-p5_batch3,25125545
UWB12_c905R1,33843675
VP229-311cas9-RepA-p6_batch4,31241478
WERIRB1-311Cas9-RepA-P4_batch4,22530186
A388-311cas9-RepA-p6_batch3,43219303
PEDS092T-311CAS9_RepA_p4_batch3,51032916
TC138-311Cas9_RepA_p6_batch3,56584725
TC205-311Cas9_RepA_p6_batch3,61721346
ASH3-311cas9-RepA-p6_batch3,25960204
BOKU-311cas9-RepA-p6_batch3,34394978
BPH1-311cas9-RepA-p6_batch4,38776373
Blue1-311cas9_RepA_p6_batch3,56713098
C10-311cas9_RepA_p4_batch3,19746191
C75-311cas9_RepA_p5_batch3,36295874
C80-311cas9_RepA_p6_batch3,42588498
C84-311cas9_RepA_p6_batch3,36252866
C99-311cas9_RepA_p4_batch3,58872686
CI-311cas9_RepA_p6_batch3,37665496
CII-311cas9_RepA_p6_batch3,60821232
EGI1-311cas9_RepA_p6_batch3,25734161
EGI1_c903R1,57169243
EMTOKA-311Cas9 -RepA-p6_batch3,33889211
ESO26-311cas9_RepA_p6_batch3,44280478
ESO26_c907R1,55973999
ESO51_c907R1,23691552
FARAGE-311cas9-RepAB-p6_batch4,38145791
FLO1-311Cas9-Rep B-P6_batch4,30789001
FLO1_c907R1,30329443
H357-311cas9-RepA-p6_batch3,54420661
H376-311cas9-RepA-p6_batch3,40891054
H413-311cas9-RepA-p6_batch3,36412977
HCA1-311cas9-RepA-p6_batch3,36266464
HCS2-311cas9-RepA-p6_batch3,23005095
HEC1-311cas9-RepA-p4_batch4,31100480
HEC1_c907R1,36119277
HEC116-311Cas9-RepAB-p6_batch4,34833891
HG3-311cas9-RepA-p6_batch3,33870182
HKA1-311cas9_RepA_p5_batch3,59943152
HMY1-311Cas9-RepA-P6_batch4,43392964
HSC1-311Cas9_RepA_P6_batch3,34303712
HSC5-311cas9_RepA_p6_batch3,54066476
HT3-311cas9-RepA-p6_batch3,46862509
HUO9-311cas9-RepA-p5_batch3,56196919
JAR-311cas9_RepA_p6_batch3,34312957
JEG3-311cas9-RepA-p4_batch3,21807483
JMURTK2-311cas9_RepA_p5_batch3,40839108
KARPAS1718-311cas9-RepA-p6_batch4,38437720
KKU100-311cas9_RepA_p6_batch3,60061527
KKU213-311cas9_RepA_p6_batch3,55718498
KML1-311cas9-RepA-p4_batch3,44604231
KON-311cas9-RepA-p6_batch3,39671434
KON_c908R1,51047775
KOSC2CL343-311cas9-RepB-p5_batch4,31702406
KYAE1_c907R1,30276427
LS-311cas9_RepA_p6_batch3,23190350
LU135-311cas9-RepA-p5_batch3,37225618
MCC13-311Cas9-RepA-P6_batch4,43568446
MCC14/2-311cas9_RepA_p6_batch3,40384390
MCC26-311cas9_RepA_p5_batch3,48455212
MEL202-311cas9_RepA_p6_batch3,50806362
MERO14-311cas9_RepA_p6_batch3,21393096
MERO25-311cas9-RepA-p6_batch4,28221119
MERO82-311cas9-RepA-p6_batch4,28126201
MERO83-311cas9-RepB-p6_batch4,27068100
MM127-311cas9_RepA_p5_batch3,28875126
MM370-311cas9_RepA_p6_batch3,43101171
MM383-311cas9_RepA_p6_batch3,44846901
MM386-311cas9_RepA_p6_batch3,49754243
MM426-311cas9_RepA_p6_batch3,21528850
MOLM14-311cas9-RepA-p6_batch4,35838709
MUTZ8-311cas9-RepA-p6_batch4,27026753
NH12_c906R1,31206297
no10_c907R1,34975310
NOZ-311cas9_RepA_p5_batch3,45969080
NP2-311cas9-RepA-p6_batch3,41711632
NP3-311cas9-RepA-p6_batch3,33886810
no11_c907R1,45377264
NP5-311cas9_RepA_p6_batch3,66162659
NP8-311cas9_RepA_p6_batch3,19545446
OCILY18-311cas9-RepA-p5_batch3,16145681
OCIM2-311cas9-RepA-p5_batch3,55061479
OCUG1-311cas9-RepA-p6_batch3,21726463
ONDA7-311cas9-RepA-p6_batch3,35570653
ONDA8-311cas9-RepA-p6_batch3,36006590
ONDA9-311cas9_RepA_p6_batch3,41640940
OSC19_c908R5,19820008
OSC20_c908R1,26497650
P4E6-311cas9-RepA-p6_batch4,34936447
PEA1-311cas9_RepA_p6_batch3,36856507
PEO1_c905R1,32806959
UACC62SKINCJ1-311cas9_RepA_p6_batch3,53588109
PEO4_c905R1,32072644
PGA1-311cas9-RepA-p4_batch4,30198038
ROS50_c905R4,38772468
SAT-311cas9-RepA-p6_batch4,43688497
SEKI-311cas9_RepA_p6_batch3,38684974
SHI1-311cas9-RepA-p6_batch3,21095188
SHMAC4-311cas9-RepA-p6_batch4,33494766
SISO-311cas9_RepA_p6_batch3,30447307
SKGI-311cas9_RepA_p3_batch3,40630923
SKGII-311cas9-RepA-p6_batch3,42498357
SKGT2-311cas9_RepA_p6_batch3,26140765
SKGT4-311cas9_RepA_p6_batch3,78336382
SKGT4_c907R1,18271779
SKN-311cas9_RepA_p6_batch3,56730576
SKNO1-311cas9_RepA_p6_batch4,46156199
SNU638-311cas9-RepA-p6_batch3,36052685
TASK1-311cas9-RepA-p6_batch4,38503725
TFK1-311cas9_RepA_p6_batch3,75862640
TGW-311Cas9-RepA-P6_batch4,28136331
TGW_c906R1,35163241
U2904-311cas9_RepA_p4_batch3,50012110
UHO1-311cas9-RepA-p5_batch3,18515628
UMRC3-311cas9-RepA-p6_batch4,35317239
UMRC7-311cas9-RepA-p6_batch4,35312286
UPCISCC026-311cas9-RepA-p6_batch4,29520211
UPCISCC040-311cas9-RepA-p6_batch4,33871169
UPCISCC074-311cas9-RepA-p6_batch4,41362399
UPCISCC116-311cas9-RepA-p6_batch3,44186009
UPCISCC131-311cas9-RepA-p6_batch4,30307580
VAESBJ-311cas9-RepA-p6_batch4,27690199
CAL72-311cas9_RepA_p6_batch3,35018646
CAL72_c908R1,32995741
PFSK1-311Cas9-RepA-P6_batch4,33888997
WAOSEL-311cas9-RepA-p6_batch4,40219390
WSUNHL-311cas9-RepA-p6_batch4,37573419
HB11;19-311CAS9_RepA_p6_batch3,28742078
OCIC4P-311cas9-RepA-p6_batch4,37538104
SEMK2-311Cas9_RepA_p3_batch3,34865133
HSB-2-311cas9_RepB_p4_batch3,59772814
Rh28-311Cas9_RepA_p5_batch3,37203295
RhJT-311Cas9_RepA_p6_batch3,41890108
TTC442-311cas9_RepA_p6_batch3,40863375
LPS27-311cas9-RepA-p4_batch3,49657812
LPS6-311cas9_RepA_p6_batch3,36349628
Rh4-311Cas9_RepA_p6_batch3,40874846
SNU1544-311cas9-RepA-p4_batch3,20282202
93T449-311cas9-RepA-p4_batch4,58796044
94T778-311cas9-RepA-p6_batch4,29257895
95T1000-311cas9_RepA_p3_batch3,33683087
LPS141-311cas9-RepA-p5_batch3,30815146
LPS510-RepB-p6_batch4,23109872
MFM223-311cas9-RepA-p6_batch4,30684348
MFM223_c903R1,32967097
OS252-311cas9_RepA_p6_batch3,58060252
CO824_c903R1,42392832
COLO824-RepA-p6_batch4,38256594
ICC10-311cas9_RepA_p6_batch4,16574991
ICC106-311cas9-RepA-p5_batch4,39316702
ICC108-311cas9-RepA-p4_batch3,19326444
ICC12-311cas9-RepA-p6_batch3,29220494
ICC137-311cas9-RepA-p4_batch4,35358861
ICC15-311cas9-RepA-p5_batch3,27064902
ICC2-311cas9_RepA_p6_batch3,45903753
ICC3-311cas9_RepA_p6_batch3,39526143
ICC4-311Cas9-RepA-P5_batch4,26683430
G415-311cas9-RepA-p6_batch4,34158810
HKGZCC-311cas9-RepA-p6_batch3,16448670
ICC8-311cas9_RepA_p4_batch3,33553983
ICC9-311cas9-RepA-p6_batch3,30648848
KMCH1-311cas9-RepA-p6_batch3,63926017
RBE-311cas9_RepA_p6_batch3,56873411
SG231-311cas9-RepA-p6_batch3,31557939
SSP25-311cas9-RepA-p6_batch3,45587865
TGBC1TKB-311cas9-RepAB-p6_batch4,28391102
TGBC52TKB-311cas9-RepA-p6_batch4,36520329
TKKK-311CAS9-REPA-P5_batch4,30493656
YSCCC-311cas9-RepA-p6_batch3,29278711
CCLP1-311cas9-RepA-p6_batch3,46663384
JHC-7-311cas9_RepB_p4_batch3,84300400
Mug-Chor-1-311Cas9 Rep A p5_batch2,75605198
UM-Chor1-311Cas9 Rep A p5_batch2,24402664
CCSW1-311cas9-RepA-p6_batch3,46321286
GB2-311cas9-RepA-p6_batch4,33302484
MM253-311cas9-RepA-p6_batch4,30973952
MM485-311cas9-RepA-p6_batch4,38187677
ECC2-311cas9-RepA-p6_batch3,26019566
NALM16-311CAS9-RepA-p6_batch4,38345150
NZOV9-311Cas9-RepA-p6_batch4,33167313
ONE58-311cas9-RepA-p6_batch4,39841841
9505BIK-311cas9-RepA-p6_batch3,58934657
A375SKINCJ1-311cas9_RepA_p6_batch3,35415290
A375SKINCJ2-311cas9_RepA_p6_batch3,48476838
A375SKINCJ3-311cas9_RepA_p6_batch3,22364968
MEL285-311cas9-RepA-p6_batch3,26255376
MEL290-311cas9-RepA-p4_batch4,33682116
PEO1-311cas9_RepA_p6_batch4,24844829
SKMEL19-311cas9_RepA_p6_batch3,20943433
HOKUG-311cas9-RepA-p4_batch4,38185173
OMM1-311cas9-RepA-p6_batch4,31554148
OMM25-311Cas9-RepA-p6_batch4,30761527
T3M3-311cas9-RepA-p6_batch4,34058601
ECC4-311Cas9-RepA-p6_batch4,38332915
HHUA-311cas9-RepB-p6_batch4,34268499
TGBC18TKB-311Cas9-RepA-p6_batch4,31069478
TT1TKB-311Cas9-RepA-p6_batch4,39360911
HOUAI-311cas9-RepB-p6_batch4,34052588
PK8-311cas9-RepA-p6_batch4,30472028
SAS-311cas9-RepA-p6_batch4,39546292
SAS_c907R1,28887131
Ca922_c907R1,28660292
HOTHC-311cas9-RepA-p6_batch4,35842495
HSQ89-311cas9-RepA-p6_batch4,33635606
T3M5-311cas9-RepA-p6_batch4,35751458
HO1U1-311cas9-RepAB-p6_batch4,28195837
HO1u1_c908R1,24411016
HTMMT-311cas9-RepA-p6_batch4,29331205
HSOS1-311Cas9-RepA-p6_batch4,27917135
NB69_c906R1,43922682
P30OHK-311cas9-RepA-p6_batch4,25840209
SLVL-311cas9-RepB-p6_batch4,21315334
ES4_c907R1,40697210
ES5_c907R1,35472939
ES8_c903R1,59647740
MMAC-311cas9-RepA-p6_batch4,28336644
EW16_c907R1,37959360
EW1_c907R1,19084963
EW22_c907R1,28939388
EW7_c907R1,31616529
HSC39_c908R1,20764236
Hey_c905R1,32155777
ISTMEL1_c904R1,46848290
LB1047_C908r1,35568336
LC1sq_c906R1,35099095
LU99A_c906R4,30536670
H322M_c906R1,32650083
MCIXC_c906R1,38401364
MKN28_c907R1,32004863
OCUBM_c903R1,38292598
OV420_c905R1,40034089
OVMIU_c905R1,36406415
PL4_c904R2,38862523
RCCFG2_C908R1,20941285
SCH_c908R1,26799387
TMK1_c908R1,20932487
U-CH2-311Cas9_RepA_p3_batch3,49614853
BB30HN_c908R1,20169749
BE2M17_c906R1,37221761
CO320H_c903R1,35260789
D423MG_c907R2,32789538
D502MG_c907R1,33108156
D542MG_c907R1,34588391
DIFI_C902R1_P1D14,41482943
DOK_c908R1,28144652
H3118_c908R1,27116770
HCE4_c908R1,69533485
JHU011_c907R1,44370881
JHU022_c907R1,29680701
JHU029_c907R1,21721966
KINGS1_c907R1,37455006
KPNYS_c906R1,36976004
KYSE22_c908R1,27097032
LB771H_c908R1,41995700
LNZTA3_c907R1,35046441
NB10_c906R2,29297020
NB13_c906R1,34168389
NB17_c906R1,39137400
NB5_c906R2,37556704
NB6_c906R1,43796452
NB7_c906R1,31757977
PCI15A_c908R1,36439799
PCI30_c908R1,35139329
PCI38_c908R1,33658935
PCI4B_c908R1,37116007
PCI6A_c908R4,23798223
SKMG_c907R1,38539712
21NT-311Cas9-RepAB-p6_batch4,37114288
SCC90_c907R1,37895045
SKN3_c908R1,34418062
CCLFUPGI0005T-311cas9-RepA-p6_batch4,39733417
HT144SKINFV1-311Cas9-RepA-p6_batch4,27178373
HT144SKINFV2-311Cas9-RepA-p6_batch4,27978061
HT144SKINFV3-311Cas9-RepA-p6_batch4,27065503
A2780A_c905R1,63037388
M040416-311cas9-RepA-p6_batch4,32202239
M1610113-311cas9-RepA-p6_batch4,38531512
WM3211-311cas9-RepA-p6_batch4,35582997
A2780c_c905R1,30377803
RVH421RPMI-311Cas9-RepA-p6_batch4,30075366
